timestamp,left,right,dleft,dright
2026-09-04T19:27:45.836591,-10491,11340,0,0
2026-09-04T19:27:46.176904,-10492,11340,-1,0
2026-09-04T19:27:46.507320,-10492,11340,0,0
2026-09-04T19:27:46.836597,-10495,11341,-3,1
2026-09-04T19:27:47.181533,-10526,11364,-31,23
2026-09-04T19:27:47.516933,-10586,11410,-60,46
2026-09-04T19:27:47.842283,-10659,11458,-73,48
2026-09-04T19:27:48.175471,-10737,11523,-78,65
2026-09-04T19:27:48.516690,-10869,11630,-132,107
2026-09-04T19:27:48.862604,-10999,11753,-130,123
2026-09-04T19:27:49.180751,-11141,11892,-142,139
2026-09-04T19:27:49.508284,-11293,12049,-152,157
2026-09-04T19:27:49.859147,-11479,12234,-186,185
2026-09-04T19:27:50.186480,-11636,12401,-157,167
2026-09-04T19:27:50.511587,-11816,12594,-180,193
2026-09-04T19:27:50.855931,-12013,12807,-197,213
2026-09-04T19:27:51.193878,-12173,12980,-160,173
2026-09-04T19:27:51.516586,-12278,13120,-105,140
2026-09-04T19:27:51.848696,-12369,13238,-91,118
2026-09-04T19:27:52.192383,-12439,13338,-70,100
2026-09-04T19:27:52.521975,-12506,13431,-67,93
2026-09-04T19:27:52.855558,-12528,13493,-22,62
2026-09-04T19:27:53.185178,-12575,13553,-47,60
2026-09-04T19:27:53.527037,-12582,13560,-7,7
2026-09-04T19:27:53.856814,-12582,13555,0,-5
2026-09-04T19:27:54.194295,-12582,13555,0,0
2026-09-04T19:27:54.532877,-12582,13555,0,0
