timestamp,left,right,dleft,dright,heading,right_arm,left_arm,dright_arm,dleft_arm
2026-10-10T10:14:13.444135,-1740,1138,0,0,0.0,-93,-23,0,0
2026-10-10T10:14:13.783138,-1740,1138,0,0,0.29779816,-92,-23,1,0
2026-10-10T10:14:14.113245,-1740,1137,0,-1,0.23603058,-90,-23,2,0
2026-10-10T10:14:14.465061,-1746,1144,-6,7,0.37506104,-91,-23,-1,0
2026-10-10T10:14:14.802980,-1817,1212,-71,68,0.36647796,-92,-23,-1,0
2026-10-10T10:14:15.136259,-1953,1346,-136,134,1.0884018,-92,-23,0,0
2026-10-10T10:14:15.480165,-2154,1534,-201,188,1.93431084,-93,-23,-1,0
2026-10-10T10:14:15.812656,-2349,1729,-195,195,1.9593124,-93,-23,0,0
2026-10-10T10:14:16.157374,-2545,1924,-196,195,2.066513,-93,-23,0,0
2026-10-10T10:14:16.486243,-2698,2081,-153,157,0.6205826,-93,-23,0,0
2026-10-10T10:14:16.834165,-2774,2172,-76,91,-1.7136002,-93,-23,0,0
2026-10-10T10:14:17.163031,-2798,2204,-24,32,-4.0259704,-93,-23,0,0
2026-10-10T10:14:17.507316,-2839,2244,-41,40,-4.8203736,-93,-23,0,0
2026-10-10T10:14:17.848723,-2854,2263,-15,19,-6.153717,-93,-23,0,0
2026-10-10T10:14:18.181614,-2854,2265,0,2,-6.6512756,-92,-23,1,0
2026-10-10T10:14:18.527832,-2851,2260,3,-5,-5.4810484,-93,-23,-1,0
2026-10-10T10:14:18.857891,-2853,2261,-2,1,-5.5386124,-93,-23,0,0
2026-10-10T10:14:19.200699,-2852,2261,1,0,-5.5628432,-90,-23,3,0
2026-10-10T10:14:19.530898,-2852,2263,0,2,-8.304489,-92,-23,-2,0
2026-10-10T10:14:19.876019,-2852,2259,0,-4,-7.22818736,-89,-23,3,0
2026-10-10T10:14:20.216793,-2852,2259,0,0,-7.35861936,-92,-23,-3,0
2026-10-10T10:14:20.549808,-2850,2259,2,0,-7.4451064,-92,-23,0,0
2026-10-10T10:14:20.897642,-2852,2259,-2,0,-7.34239936,-92,-23,0,0
2026-10-10T10:14:21.225164,-2848,2258,4,-1,-13.326492,-90,-23,2,0
